{
  "play": {
    "response.interval": 1
  },
  "syslog": {
    "host": "192.168.208.46:5142"
  },
  "smtp.client": {
    "ip": "209.85.222.199"
  },
  "smtp.server": {
    "ip": "192.168.208.4",
    "name": "jpcortex"
  },
  "ftp.client": {
    "ip": "192.168.208.44",
    "login.user": "anonymous",
    "login.password": "anonymous@example.local"
  },
  "ftp.server": {
    "ip": "195.144.107.198"
  },
  "http.client": {
    "ip": "192.168.208.44",
    "user.agent": "Mozilla/5.0"
  },
  "http.server": {
    "ip": "195.144.107.198",
    "host": "test.example.local",
    "app.name": "Apache"
  },
  "dns.client": {
    "ip": "192.168.208.44"
  },
  "dns.server": {
    "ip": "192.168.208.3"
  }
}
