{
  "play": {
    "response.interval": 1
  },
  "syslog": {
    "host": "192.168.208.46:5142"
  },
  "smtp.client": {
    "ip": "209.85.222.199"
  },
  "smtp.server": {
    "ip": "192.168.208.4",
    "name": "jpcortex"
  },
  "ftp.client": {
    "ip": "192.168.208.44",
    "login.user": "anonymous",
    "login.password": "anonymous@example.local"
  },
  "ftp.server": {
    "ip": "195.144.107.198"
  },
  "http.client": {
    "ip": "192.168.208.44",
    "user.agent": "Mozilla/5.0 (Windows NT 10.0; Win64; x64; rv:92.0) Gecko/20100101 Firefox/92.0",
    "squid.log.tcp.host": "192.168.208.46:15141"
  },
  "http.server": {
    "ip": "195.144.107.198",
    "host": "test.example.local",
    "app.name": "Apache"
  },
  "dns.client": {
    "ip": "192.168.208.44"
  },
  "dns.server": {
    "ip": "192.168.208.3"
  }
}
